trace	total.br.len	tree.height
mean	889.501509031707	139.293989907869
stderr.of.mean	2.57394209730702	1.27767884229548
stdev	109.203097830905	54.2073140486145
variance	11925.3165758663	2938.43289636512
median	861.074254893373	124.235251108
mode	numeric	numeric
geometric.mean	883.510076317062	131.026619331577
HPD95.lower	755.286216347182	75.5744996592543
HPD95.upper	1124.84090252286	254.715914152085
ACT	NA	NA
ESS	1801	1801
n.samples	1801	1801
chain.length	TRUE	TRUE
log.every	NA	NA
