trace	total.br.len	tree.height
mean	1459.07655832527	210.448441176796
stderr.of.mean	4.56268523508672	2.26289607388332
stdev	193.57831033577	96.0065347219719
variance	37472.5622324519	9217.2547093212
median	1395.34694476369	177.89410879852
mode	numeric	numeric
geometric.mean	1447.91838699668	194.45604417301
HPD95.lower	1216.06308767093	108.700766183549
HPD95.upper	1847.61162318223	407.626340908798
ACT	NA	NA
ESS	1801	1801
n.samples	1801	1801
chain.length	TRUE	TRUE
log.every	NA	NA
