origin	minESS	replace
al2_7	187.695891726855	al2_100
al2_32	172.35664391171	al2_101
al2_76	162.707753301043	al2_102
al2_88	34.0007025207788	al2_103
