fn	fn.sel	Theta	psi.treeLength
al1_68	al1_100	136.237021039458	134.39039060909
