fn	fn2	mu
RSV2_25	extra10/RSV2-e_0	106.716337931798
RSV2_36	extra10/RSV2-e_1	130.523093577686
RSV2_76	extra10/RSV2-e_2	180.84943021789
