trace	total.br.len	tree.height
mean	3740.51645186905	786.036214145955
stderr.of.mean	14.9353244151024	7.05864100199676
stdev	613.028431382098	299.472728893461
variance	375803.857682795	89683.9153508963
median	3585.51290012131	709.690489401716
mode	numeric	numeric
geometric.mean	3696.32218387845	740.32458486325
HPD95.lower	2920.68769692563	377.318217456269
HPD95.upper	5043.47615792073	1388.68071478379
ACT	NA	NA
ESS	1685.67270510406	1801
n.samples	1801	1801
chain.length	TRUE	TRUE
log.every	NA	NA
