trace	total.br.len	tree.height
mean	2454.1347521486	532.949851553443
stderr.of.mean	6.93865267104078	3.29416895285617
stdev	287.506966482095	139.759730728462
variance	82660.2557757364	19532.7823332923
median	2392.66531759015	501.302855038818
mode	numeric	numeric
geometric.mean	2438.82351985397	517.583315304641
HPD95.lower	2000.03690718207	327.26924222214
HPD95.upper	3011.3837225495	794.715546991012
ACT	NA	NA
ESS	1717.86008775381	1801
n.samples	1801	1801
chain.length	TRUE	TRUE
log.every	NA	NA
