trace	total.br.len	tree.height
mean	6711.07031176475	1162.42866364405
stderr.of.mean	38.1152664643069	13.9503480652867
stdev	1387.19887619192	591.863051675699
variance	1924320.72210813	350301.871938871
median	6492.72440473925	1027.53260444478
mode	numeric	numeric
geometric.mean	6582.33859698587	1039.58283286232
HPD95.lower	4509.01053557223	365.51016523949
HPD95.upper	9396.50563034628	2349.50083899069
ACT	NA	NA
ESS	1325.32038445113	1801
n.samples	1801	1801
chain.length	TRUE	TRUE
log.every	NA	NA
