trace	total.br.len	tree.height
mean	220.570387893484	55.0992865165408
stderr.of.mean	0.18226784319289	0.0311109570911941
stdev	6.58375379862839	1.3199259200109
variance	43.3458140809537	1.74220443431663
median	220.47455221472	55.0208221906602
mode	numeric	numeric
geometric.mean	220.47250308734	55.0835549722426
HPD95.lower	207.316057761795	52.7410109189149
HPD95.upper	232.741497948434	57.7423234448273
ACT	NA	NA
ESS	1305.47451044545	1801
n.samples	1801	1801
chain.length	TRUE	TRUE
log.every	NA	NA
