trace	total.br.len	tree.height
mean	15020.669843951	2848.32759133287
stderr.of.mean	91.1185973048335	37.0173961187956
stdev	3371.40092268421	1570.51486668468
variance	11366344.1814759	2466516.94647759
median	14177.9070082274	2421.65335026254
mode	numeric	numeric
geometric.mean	14695.015245107	2515.60125290859
HPD95.lower	10425.9446106876	1030.21815565134
HPD95.upper	21972.8819182372	6193.16645277744
ACT	NA	NA
ESS	1369.77139756902	1801
n.samples	1801	1801
chain.length	TRUE	TRUE
log.every	NA	NA
