trace	total.br.len	tree.height
mean	4136.81590766637	745.779388284635
stderr.of.mean	12.9590013630813	5.86839454263228
stdev	549.803779628148	248.97485612435
variance	302284.196093397	61988.478982141
median	4019.53427261909	677.506800439645
mode	numeric	numeric
geometric.mean	4103.63748496144	712.09444458804
HPD95.lower	3335.81042813586	402.865390801403
HPD95.upper	5310.65999552059	1237.88999688037
ACT	NA	NA
ESS	1801	1801
n.samples	1801	1801
chain.length	TRUE	TRUE
log.every	NA	NA
