fn	fn.sel	Theta	psi.treeLength
al1-nowd_41	al1-nowd_100	166.105155998911	295.914770242625
al1-nowd_68	al1-nowd_101	91.0573906042117	87.0820931047522
